image_path,label,name
images/lasagna/1778663.jpg,59,lasagna
images/churros/3040078.jpg,23,churros
images/mussels/3670426.jpg,65,mussels
images/pork_chop/414178.jpg,77,pork_chop
images/prime_rib/1695150.jpg,79,prime_rib
images/paella/2357271.jpg,71,paella
images/gyoza/2789686.jpg,52,gyoza
images/greek_salad/3132900.jpg,48,greek_salad
images/ramen/1867478.jpg,81,ramen
images/omelette/2804675.jpg,67,omelette
images/frozen_yogurt/1000735.jpg,45,frozen_yogurt
images/deviled_eggs/1715460.jpg,30,deviled_eggs
images/breakfast_burrito/1953427.jpg,9,breakfast_burrito
images/churros/3497934.jpg,23,churros
images/churros/735220.jpg,23,churros
images/churros/1943951.jpg,23,churros
images/guacamole/356675.jpg,51,guacamole
images/chocolate_mousse/3572703.jpg,22,chocolate_mousse
images/fried_calamari/1889448.jpg,43,fried_calamari
images/poutine/1222532.jpg,78,poutine
images/french_toast/1324803.jpg,42,french_toast
images/foie_gras/771496.jpg,39,foie_gras
images/fish_and_chips/2652734.jpg,38,fish_and_chips
images/peking_duck/3702136.jpg,74,peking_duck
images/bibimbap/2059722.jpg,7,bibimbap
images/spaghetti_carbonara/697391.jpg,91,spaghetti_carbonara
images/chocolate_mousse/687900.jpg,22,chocolate_mousse
images/lobster_roll_sandwich/3319049.jpg,61,lobster_roll_sandwich
images/french_onion_soup/1006274.jpg,41,french_onion_soup
images/club_sandwich/2481130.jpg,25,club_sandwich
images/lasagna/3827224.jpg,59,lasagna
images/falafel/1700313.jpg,36,falafel
images/gnocchi/172846.jpg,47,gnocchi
images/paella/752587.jpg,71,paella
images/poutine/1213974.jpg,78,poutine
images/poutine/2607919.jpg,78,poutine
images/caprese_salad/881285.jpg,13,caprese_salad
images/cup_cakes/2539286.jpg,29,cup_cakes
images/sashimi/114631.jpg,86,sashimi
images/pulled_pork_sandwich/1045887.jpg,80,pulled_pork_sandwich
images/deviled_eggs/2092026.jpg,30,deviled_eggs
images/risotto/497489.jpg,84,risotto
images/grilled_cheese_sandwich/1558951.jpg,49,grilled_cheese_sandwich
images/beef_carpaccio/3169022.jpg,3,beef_carpaccio
images/onion_rings/1339490.jpg,68,onion_rings
images/beet_salad/1291432.jpg,5,beet_salad
images/pancakes/2760204.jpg,72,pancakes
images/macaroni_and_cheese/3320246.jpg,62,macaroni_and_cheese
images/prime_rib/1477206.jpg,79,prime_rib
images/red_velvet_cake/808005.jpg,83,red_velvet_cake
images/hot_dog/1768910.jpg,55,hot_dog
images/strawberry_shortcake/3566373.jpg,94,strawberry_shortcake
images/greek_salad/1795161.jpg,48,greek_salad
images/cannoli/2546917.jpg,12,cannoli
images/cheese_plate/4656.jpg,17,cheese_plate
images/takoyaki/3150827.jpg,97,takoyaki
images/chocolate_mousse/1174532.jpg,22,chocolate_mousse
images/tacos/1655797.jpg,96,tacos
images/pancakes/696896.jpg,72,pancakes
images/beet_salad/151397.jpg,5,beet_salad
images/escargots/108548.jpg,35,escargots
images/nachos/1564717.jpg,66,nachos
images/tacos/1164998.jpg,96,tacos
images/peking_duck/2716505.jpg,74,peking_duck
images/croque_madame/2930357.jpg,28,croque_madame
images/hummus/62830.jpg,57,hummus
images/cup_cakes/2648441.jpg,29,cup_cakes
images/prime_rib/1695372.jpg,79,prime_rib
images/baklava/3690616.jpg,2,baklava
images/takoyaki/1477569.jpg,97,takoyaki
images/churros/3447120.jpg,23,churros
images/seaweed_salad/2674564.jpg,88,seaweed_salad
images/macarons/761324.jpg,63,macarons
images/chocolate_cake/2696197.jpg,21,chocolate_cake
images/lobster_bisque/262244.jpg,60,lobster_bisque
images/grilled_salmon/402791.jpg,50,grilled_salmon
images/strawberry_shortcake/1872501.jpg,94,strawberry_shortcake
images/lobster_roll_sandwich/116780.jpg,61,lobster_roll_sandwich
images/lobster_bisque/1629165.jpg,60,lobster_bisque
images/creme_brulee/2626091.jpg,27,creme_brulee
images/foie_gras/33258.jpg,39,foie_gras
images/spring_rolls/1885255.jpg,92,spring_rolls
images/cannoli/2149669.jpg,12,cannoli
images/baby_back_ribs/3403012.jpg,1,baby_back_ribs
images/deviled_eggs/1835553.jpg,30,deviled_eggs
images/ravioli/3787756.jpg,82,ravioli
images/tiramisu/1506379.jpg,98,tiramisu
images/hot_dog/1682720.jpg,55,hot_dog
images/croque_madame/1816738.jpg,28,croque_madame
images/beef_tartare/2852945.jpg,4,beef_tartare
images/apple_pie/1895811.jpg,0,apple_pie
images/guacamole/799005.jpg,51,guacamole
images/pad_thai/1958944.jpg,70,pad_thai
images/pho/982022.jpg,75,pho
images/chicken_wings/1280018.jpg,20,chicken_wings
images/grilled_salmon/3428058.jpg,50,grilled_salmon
images/lasagna/3212474.jpg,59,lasagna
images/foie_gras/688589.jpg,39,foie_gras
images/guacamole/232844.jpg,51,guacamole
images/pork_chop/214109.jpg,77,pork_chop
images/takoyaki/528937.jpg,97,takoyaki
images/macaroni_and_cheese/3808140.jpg,62,macaroni_and_cheese
images/filet_mignon/2100813.jpg,37,filet_mignon
images/beef_tartare/461717.jpg,4,beef_tartare
images/panna_cotta/460292.jpg,73,panna_cotta
images/spring_rolls/545701.jpg,92,spring_rolls
images/french_onion_soup/818915.jpg,41,french_onion_soup
images/paella/1977887.jpg,71,paella
images/french_fries/502232.jpg,40,french_fries
images/hot_dog/225367.jpg,55,hot_dog
images/sushi/1907782.jpg,95,sushi
images/pho/2652008.jpg,75,pho
images/pad_thai/902504.jpg,70,pad_thai
images/club_sandwich/574816.jpg,25,club_sandwich
images/spaghetti_bolognese/2810788.jpg,90,spaghetti_bolognese
images/beet_salad/464918.jpg,5,beet_salad
images/spaghetti_carbonara/1290393.jpg,91,spaghetti_carbonara
images/sashimi/1959436.jpg,86,sashimi
images/beet_salad/326472.jpg,5,beet_salad
images/chocolate_mousse/1347268.jpg,22,chocolate_mousse
images/sushi/953649.jpg,95,sushi
images/caprese_salad/622493.jpg,13,caprese_salad
images/pad_thai/1923850.jpg,70,pad_thai
images/nachos/135521.jpg,66,nachos
images/hummus/874615.jpg,57,hummus
images/chocolate_mousse/2455836.jpg,22,chocolate_mousse
images/apple_pie/343461.jpg,0,apple_pie
images/hot_and_sour_soup/70230.jpg,54,hot_and_sour_soup
images/deviled_eggs/2250591.jpg,30,deviled_eggs
images/waffles/242535.jpg,100,waffles
images/edamame/3406444.jpg,33,edamame
images/bread_pudding/1105525.jpg,8,bread_pudding
images/fried_calamari/645411.jpg,43,fried_calamari
images/chicken_quesadilla/2990987.jpg,19,chicken_quesadilla
images/onion_rings/1741220.jpg,68,onion_rings
images/prime_rib/3831928.jpg,79,prime_rib
images/onion_rings/741605.jpg,68,onion_rings
images/falafel/155367.jpg,36,falafel
images/strawberry_shortcake/1311207.jpg,94,strawberry_shortcake
images/chicken_curry/580716.jpg,18,chicken_curry
images/caesar_salad/3029541.jpg,11,caesar_salad
images/bread_pudding/3353852.jpg,8,bread_pudding
images/scallops/3755568.jpg,87,scallops
images/cannoli/3285277.jpg,12,cannoli
images/samosa/1539989.jpg,85,samosa
images/steak/3364420.jpg,93,steak
images/clam_chowder/3740486.jpg,24,clam_chowder
images/shrimp_and_grits/3889272.jpg,89,shrimp_and_grits
images/beignets/3661460.jpg,6,beignets
images/cheesecake/1339876.jpg,16,cheesecake
images/macarons/1331760.jpg,63,macarons
images/beef_carpaccio/2596315.jpg,3,beef_carpaccio
images/baby_back_ribs/1183551.jpg,1,baby_back_ribs
images/risotto/8586.jpg,84,risotto
images/frozen_yogurt/2164430.jpg,45,frozen_yogurt
images/beef_tartare/2937346.jpg,4,beef_tartare
images/french_onion_soup/200711.jpg,41,french_onion_soup
images/chocolate_cake/2648775.jpg,21,chocolate_cake
images/guacamole/953425.jpg,51,guacamole
images/foie_gras/3093863.jpg,39,foie_gras
images/french_fries/338101.jpg,40,french_fries
images/garlic_bread/3656183.jpg,46,garlic_bread
images/fish_and_chips/1903704.jpg,38,fish_and_chips
images/miso_soup/3261810.jpg,64,miso_soup
images/prime_rib/1149941.jpg,79,prime_rib
images/chicken_curry/3047106.jpg,18,chicken_curry
images/oysters/3235274.jpg,69,oysters
images/pho/346294.jpg,75,pho
images/french_fries/3596528.jpg,40,french_fries
images/steak/1485083.jpg,93,steak
images/grilled_salmon/3637618.jpg,50,grilled_salmon
images/strawberry_shortcake/3749289.jpg,94,strawberry_shortcake
images/apple_pie/1767333.jpg,0,apple_pie
images/dumplings/1343111.jpg,32,dumplings
images/tacos/351124.jpg,96,tacos
images/strawberry_shortcake/1850439.jpg,94,strawberry_shortcake
images/baby_back_ribs/1324788.jpg,1,baby_back_ribs
images/deviled_eggs/840781.jpg,30,deviled_eggs
images/shrimp_and_grits/1117573.jpg,89,shrimp_and_grits
images/donuts/284542.jpg,31,donuts
images/oysters/3863327.jpg,69,oysters
images/beet_salad/3014700.jpg,5,beet_salad
images/cheesecake/936503.jpg,16,cheesecake
images/apple_pie/1133267.jpg,0,apple_pie
images/chicken_wings/3584473.jpg,20,chicken_wings
images/chocolate_cake/3836456.jpg,21,chocolate_cake
images/cannoli/308087.jpg,12,cannoli
images/spring_rolls/3056329.jpg,92,spring_rolls
images/spaghetti_carbonara/258419.jpg,91,spaghetti_carbonara
images/dumplings/625233.jpg,32,dumplings
images/french_onion_soup/1131137.jpg,41,french_onion_soup
images/takoyaki/2604822.jpg,97,takoyaki
images/fried_calamari/2037025.jpg,43,fried_calamari
images/chicken_quesadilla/2820233.jpg,19,chicken_quesadilla
images/deviled_eggs/1625605.jpg,30,deviled_eggs
images/lobster_bisque/139557.jpg,60,lobster_bisque
images/escargots/2372804.jpg,35,escargots
images/nachos/2149450.jpg,66,nachos
images/fried_calamari/324065.jpg,43,fried_calamari
images/eggs_benedict/2258162.jpg,34,eggs_benedict
images/edamame/3651756.jpg,33,edamame
images/club_sandwich/1044134.jpg,25,club_sandwich
images/fried_rice/2186269.jpg,44,fried_rice
images/sashimi/3037257.jpg,86,sashimi
images/eggs_benedict/3452803.jpg,34,eggs_benedict
images/tacos/551627.jpg,96,tacos
images/macarons/2710408.jpg,63,macarons
images/peking_duck/2358963.jpg,74,peking_duck
images/french_fries/109401.jpg,40,french_fries
images/ravioli/1448205.jpg,82,ravioli
images/seaweed_salad/1421656.jpg,88,seaweed_salad
images/chicken_quesadilla/2367283.jpg,19,chicken_quesadilla
images/escargots/105967.jpg,35,escargots
images/chicken_curry/420735.jpg,18,chicken_curry
images/red_velvet_cake/3065313.jpg,83,red_velvet_cake
images/chocolate_mousse/593572.jpg,22,chocolate_mousse
images/scallops/3102006.jpg,87,scallops
images/french_fries/913020.jpg,40,french_fries
images/frozen_yogurt/532164.jpg,45,frozen_yogurt
images/ramen/230437.jpg,81,ramen
images/pulled_pork_sandwich/3264827.jpg,80,pulled_pork_sandwich
images/lobster_roll_sandwich/1325813.jpg,61,lobster_roll_sandwich
images/french_fries/3037407.jpg,40,french_fries
images/garlic_bread/1872402.jpg,46,garlic_bread
images/nachos/697068.jpg,66,nachos
images/sashimi/1974790.jpg,86,sashimi
images/bread_pudding/25797.jpg,8,bread_pudding
images/shrimp_and_grits/2662737.jpg,89,shrimp_and_grits
images/omelette/1362753.jpg,67,omelette
images/baby_back_ribs/1099273.jpg,1,baby_back_ribs
images/donuts/448512.jpg,31,donuts
images/onion_rings/3208746.jpg,68,onion_rings
images/chicken_wings/3423923.jpg,20,chicken_wings
images/strawberry_shortcake/1342090.jpg,94,strawberry_shortcake
images/steak/1984271.jpg,93,steak
images/pad_thai/246905.jpg,70,pad_thai
images/takoyaki/733112.jpg,97,takoyaki
images/pizza/2242047.jpg,76,pizza
images/scallops/2354275.jpg,87,scallops
images/strawberry_shortcake/43219.jpg,94,strawberry_shortcake
images/nachos/547222.jpg,66,nachos
images/caesar_salad/1097603.jpg,11,caesar_salad
images/risotto/1166526.jpg,84,risotto
images/beignets/294671.jpg,6,beignets
images/red_velvet_cake/2832963.jpg,83,red_velvet_cake
images/filet_mignon/3590877.jpg,37,filet_mignon
images/cheesecake/181706.jpg,16,cheesecake
images/falafel/1624753.jpg,36,falafel
images/omelette/547744.jpg,67,omelette
images/eggs_benedict/323906.jpg,34,eggs_benedict
images/caprese_salad/3220459.jpg,13,caprese_salad
images/chicken_wings/226696.jpg,20,chicken_wings
images/chicken_wings/78515.jpg,20,chicken_wings
images/greek_salad/2353576.jpg,48,greek_salad
images/beet_salad/2442954.jpg,5,beet_salad
images/bread_pudding/3162433.jpg,8,bread_pudding
images/frozen_yogurt/832227.jpg,45,frozen_yogurt
images/hot_and_sour_soup/998326.jpg,54,hot_and_sour_soup
images/prime_rib/157897.jpg,79,prime_rib
images/lobster_bisque/2641194.jpg,60,lobster_bisque
images/chicken_wings/1384956.jpg,20,chicken_wings
images/lasagna/1336732.jpg,59,lasagna
images/poutine/3182906.jpg,78,poutine
images/pizza/1958364.jpg,76,pizza
images/creme_brulee/117794.jpg,27,creme_brulee
images/scallops/2666048.jpg,87,scallops
images/hamburger/2897464.jpg,53,hamburger
images/hamburger/1566310.jpg,53,hamburger
images/prime_rib/69564.jpg,79,prime_rib
images/chicken_quesadilla/2100377.jpg,19,chicken_quesadilla
images/macaroni_and_cheese/1338130.jpg,62,macaroni_and_cheese
images/spaghetti_bolognese/2504486.jpg,90,spaghetti_bolognese
images/tuna_tartare/2100275.jpg,99,tuna_tartare
images/fried_rice/894741.jpg,44,fried_rice
images/spring_rolls/1993973.jpg,92,spring_rolls
images/bread_pudding/3607583.jpg,8,bread_pudding
images/escargots/1741628.jpg,35,escargots
images/beef_tartare/2859270.jpg,4,beef_tartare
images/carrot_cake/735430.jpg,14,carrot_cake
images/nachos/276768.jpg,66,nachos
images/tacos/1329233.jpg,96,tacos
images/takoyaki/1347978.jpg,97,takoyaki
images/guacamole/2345560.jpg,51,guacamole
images/guacamole/1916701.jpg,51,guacamole
images/caesar_salad/1234445.jpg,11,caesar_salad
images/falafel/953274.jpg,36,falafel
images/sushi/2414653.jpg,95,sushi
images/deviled_eggs/591480.jpg,30,deviled_eggs
images/tuna_tartare/1298241.jpg,99,tuna_tartare
images/french_fries/1682173.jpg,40,french_fries
images/carrot_cake/1151571.jpg,14,carrot_cake
images/sashimi/2947771.jpg,86,sashimi
images/baby_back_ribs/2341885.jpg,1,baby_back_ribs
images/red_velvet_cake/1750325.jpg,83,red_velvet_cake
images/beef_carpaccio/2402806.jpg,3,beef_carpaccio
images/caprese_salad/2244686.jpg,13,caprese_salad
images/filet_mignon/2285291.jpg,37,filet_mignon
images/escargots/2309484.jpg,35,escargots
images/beef_tartare/2401864.jpg,4,beef_tartare
images/onion_rings/1089625.jpg,68,onion_rings
images/crab_cakes/3618162.jpg,26,crab_cakes
images/caprese_salad/1835569.jpg,13,caprese_salad
images/strawberry_shortcake/3848976.jpg,94,strawberry_shortcake
images/bibimbap/2580466.jpg,7,bibimbap
images/nachos/1119704.jpg,66,nachos
images/beet_salad/519568.jpg,5,beet_salad
images/seaweed_salad/1973815.jpg,88,seaweed_salad
images/macarons/1415243.jpg,63,macarons
images/fried_rice/1914921.jpg,44,fried_rice
images/cheese_plate/352168.jpg,17,cheese_plate
images/red_velvet_cake/2464792.jpg,83,red_velvet_cake
images/greek_salad/1716058.jpg,48,greek_salad
images/fish_and_chips/3093627.jpg,38,fish_and_chips
images/deviled_eggs/3731369.jpg,30,deviled_eggs
images/ramen/3799319.jpg,81,ramen
images/nachos/990568.jpg,66,nachos
images/lobster_roll_sandwich/620935.jpg,61,lobster_roll_sandwich
images/gnocchi/1591063.jpg,47,gnocchi
images/prime_rib/396254.jpg,79,prime_rib
images/ravioli/1973634.jpg,82,ravioli
images/spaghetti_bolognese/834603.jpg,90,spaghetti_bolognese
images/poutine/224288.jpg,78,poutine
images/guacamole/1080259.jpg,51,guacamole
images/fish_and_chips/3556725.jpg,38,fish_and_chips
images/donuts/470232.jpg,31,donuts
images/sushi/1844723.jpg,95,sushi
images/shrimp_and_grits/798031.jpg,89,shrimp_and_grits
images/lasagna/561498.jpg,59,lasagna
images/fried_rice/1536220.jpg,44,fried_rice
images/hummus/85281.jpg,57,hummus
images/frozen_yogurt/2464344.jpg,45,frozen_yogurt
images/hot_dog/1267706.jpg,55,hot_dog
images/chicken_wings/881209.jpg,20,chicken_wings
images/ice_cream/3698312.jpg,58,ice_cream
images/creme_brulee/2527174.jpg,27,creme_brulee
images/pancakes/3606472.jpg,72,pancakes
images/bruschetta/105847.jpg,10,bruschetta
images/oysters/1088180.jpg,69,oysters
images/hot_dog/752871.jpg,55,hot_dog
images/caesar_salad/3578391.jpg,11,caesar_salad
images/waffles/1133731.jpg,100,waffles
images/sushi/3005557.jpg,95,sushi
images/miso_soup/3453472.jpg,64,miso_soup
images/grilled_cheese_sandwich/220912.jpg,49,grilled_cheese_sandwich
images/pho/1705502.jpg,75,pho
images/ice_cream/783226.jpg,58,ice_cream
images/bread_pudding/2284677.jpg,8,bread_pudding
images/beet_salad/1237456.jpg,5,beet_salad
images/pizza/3063955.jpg,76,pizza
images/hot_and_sour_soup/3658920.jpg,54,hot_and_sour_soup
images/red_velvet_cake/77292.jpg,83,red_velvet_cake
images/falafel/1450.jpg,36,falafel
images/lobster_bisque/3354880.jpg,60,lobster_bisque
images/scallops/922715.jpg,87,scallops
images/samosa/62383.jpg,85,samosa
images/gyoza/1060006.jpg,52,gyoza
images/churros/1075103.jpg,23,churros
images/sashimi/480776.jpg,86,sashimi
images/chicken_curry/2856149.jpg,18,chicken_curry
images/falafel/1172769.jpg,36,falafel
images/miso_soup/2196992.jpg,64,miso_soup
images/falafel/993488.jpg,36,falafel
images/ceviche/3179812.jpg,15,ceviche
images/fried_calamari/782786.jpg,43,fried_calamari
images/pad_thai/3044507.jpg,70,pad_thai
images/pulled_pork_sandwich/1618018.jpg,80,pulled_pork_sandwich
images/spaghetti_carbonara/2192417.jpg,91,spaghetti_carbonara
images/baby_back_ribs/2517831.jpg,1,baby_back_ribs
images/baklava/290093.jpg,2,baklava
images/falafel/3801792.jpg,36,falafel
images/pho/784391.jpg,75,pho
images/cup_cakes/546879.jpg,29,cup_cakes
images/pork_chop/3373416.jpg,77,pork_chop
images/chocolate_mousse/1578514.jpg,22,chocolate_mousse
images/ceviche/511337.jpg,15,ceviche
images/crab_cakes/278053.jpg,26,crab_cakes
images/guacamole/3394950.jpg,51,guacamole
images/escargots/117218.jpg,35,escargots
images/cheese_plate/3841189.jpg,17,cheese_plate
images/dumplings/1796924.jpg,32,dumplings
images/ramen/401312.jpg,81,ramen
images/churros/3632961.jpg,23,churros
images/dumplings/180290.jpg,32,dumplings
images/macaroni_and_cheese/2791005.jpg,62,macaroni_and_cheese
images/club_sandwich/837357.jpg,25,club_sandwich
images/croque_madame/443851.jpg,28,croque_madame
images/carrot_cake/37787.jpg,14,carrot_cake
images/french_toast/3442803.jpg,42,french_toast
images/gnocchi/847231.jpg,47,gnocchi
images/fried_rice/1138205.jpg,44,fried_rice
images/tacos/3133686.jpg,96,tacos
images/panna_cotta/2778700.jpg,73,panna_cotta
images/pho/485017.jpg,75,pho
images/apple_pie/2520431.jpg,0,apple_pie
images/scallops/2171018.jpg,87,scallops
images/onion_rings/3422454.jpg,68,onion_rings
images/hummus/569426.jpg,57,hummus
images/scallops/3704001.jpg,87,scallops
images/spaghetti_carbonara/437707.jpg,91,spaghetti_carbonara
images/shrimp_and_grits/911405.jpg,89,shrimp_and_grits
images/lobster_bisque/2320078.jpg,60,lobster_bisque
images/donuts/719689.jpg,31,donuts
images/hummus/221797.jpg,57,hummus
images/tiramisu/1861089.jpg,98,tiramisu
images/tacos/846311.jpg,96,tacos
images/waffles/3855881.jpg,100,waffles
images/risotto/375563.jpg,84,risotto
images/baby_back_ribs/2704050.jpg,1,baby_back_ribs
images/breakfast_burrito/95826.jpg,9,breakfast_burrito
images/guacamole/3629600.jpg,51,guacamole
images/edamame/1681972.jpg,33,edamame
images/hot_dog/1838982.jpg,55,hot_dog
images/cheese_plate/2401051.jpg,17,cheese_plate
images/chicken_quesadilla/1500151.jpg,19,chicken_quesadilla
images/garlic_bread/1699580.jpg,46,garlic_bread
images/cheese_plate/2295584.jpg,17,cheese_plate
images/apple_pie/551535.jpg,0,apple_pie
images/macaroni_and_cheese/288019.jpg,62,macaroni_and_cheese
images/sushi/1567671.jpg,95,sushi
images/chocolate_mousse/2013025.jpg,22,chocolate_mousse
images/cheesecake/1077491.jpg,16,cheesecake
images/mussels/1232421.jpg,65,mussels
images/sushi/194976.jpg,95,sushi
images/eggs_benedict/1363126.jpg,34,eggs_benedict
images/cheesecake/3834149.jpg,16,cheesecake
images/cheese_plate/2432902.jpg,17,cheese_plate
images/beef_carpaccio/1707984.jpg,3,beef_carpaccio
images/chicken_wings/565518.jpg,20,chicken_wings
images/clam_chowder/1019420.jpg,24,clam_chowder
images/french_fries/2483067.jpg,40,french_fries
images/greek_salad/1855216.jpg,48,greek_salad
images/pork_chop/1788532.jpg,77,pork_chop
images/paella/710852.jpg,71,paella
images/beef_tartare/500663.jpg,4,beef_tartare
images/falafel/1677072.jpg,36,falafel
images/gnocchi/886232.jpg,47,gnocchi
images/creme_brulee/2258580.jpg,27,creme_brulee
images/baby_back_ribs/1841024.jpg,1,baby_back_ribs
images/crab_cakes/1906332.jpg,26,crab_cakes
images/mussels/192271.jpg,65,mussels
images/french_onion_soup/2248527.jpg,41,french_onion_soup
images/huevos_rancheros/1625300.jpg,56,huevos_rancheros
images/tacos/2623603.jpg,96,tacos
images/french_onion_soup/1959316.jpg,41,french_onion_soup
images/cheese_plate/1576289.jpg,17,cheese_plate
images/spaghetti_bolognese/308553.jpg,90,spaghetti_bolognese
images/apple_pie/1629072.jpg,0,apple_pie
images/ramen/2590110.jpg,81,ramen
images/poutine/1320461.jpg,78,poutine
images/omelette/560915.jpg,67,omelette
images/fish_and_chips/1988141.jpg,38,fish_and_chips
images/spring_rolls/1400799.jpg,92,spring_rolls
images/croque_madame/1385871.jpg,28,croque_madame
images/french_onion_soup/735325.jpg,41,french_onion_soup
images/mussels/2289668.jpg,65,mussels
images/escargots/2822747.jpg,35,escargots
images/pork_chop/784840.jpg,77,pork_chop
images/prime_rib/1850091.jpg,79,prime_rib
images/guacamole/2864129.jpg,51,guacamole
images/paella/2238401.jpg,71,paella
images/pho/2879614.jpg,75,pho
images/dumplings/2072449.jpg,32,dumplings
images/guacamole/3835517.jpg,51,guacamole
images/sashimi/1698501.jpg,86,sashimi
images/omelette/2092602.jpg,67,omelette
images/panna_cotta/928965.jpg,73,panna_cotta
images/eggs_benedict/1378596.jpg,34,eggs_benedict
images/pho/146542.jpg,75,pho
images/tiramisu/3900480.jpg,98,tiramisu
images/lobster_bisque/2364063.jpg,60,lobster_bisque
images/cheesecake/2751537.jpg,16,cheesecake
images/greek_salad/872138.jpg,48,greek_salad
images/chocolate_mousse/995427.jpg,22,chocolate_mousse
images/ramen/3202191.jpg,81,ramen
images/hot_and_sour_soup/2300669.jpg,54,hot_and_sour_soup
images/chocolate_cake/1297060.jpg,21,chocolate_cake
images/pizza/3505182.jpg,76,pizza
images/hamburger/2361390.jpg,53,hamburger
images/chicken_wings/3067720.jpg,20,chicken_wings
images/hamburger/2930558.jpg,53,hamburger
images/red_velvet_cake/2314417.jpg,83,red_velvet_cake
images/pulled_pork_sandwich/1793684.jpg,80,pulled_pork_sandwich
images/ravioli/3751679.jpg,82,ravioli
images/edamame/3272484.jpg,33,edamame
images/hot_and_sour_soup/15422.jpg,54,hot_and_sour_soup
images/spaghetti_bolognese/3108045.jpg,90,spaghetti_bolognese
images/lobster_bisque/595735.jpg,60,lobster_bisque
images/ramen/1080589.jpg,81,ramen
images/spaghetti_bolognese/1979974.jpg,90,spaghetti_bolognese
images/bruschetta/3743680.jpg,10,bruschetta
images/breakfast_burrito/1376093.jpg,9,breakfast_burrito
images/pizza/44449.jpg,76,pizza
images/carrot_cake/2527796.jpg,14,carrot_cake
images/ramen/3639143.jpg,81,ramen
images/hummus/3665149.jpg,57,hummus
images/lobster_roll_sandwich/2861749.jpg,61,lobster_roll_sandwich
images/dumplings/1161077.jpg,32,dumplings
images/pancakes/3382292.jpg,72,pancakes
images/nachos/699010.jpg,66,nachos
images/mussels/1203385.jpg,65,mussels
images/tacos/2590480.jpg,96,tacos
images/panna_cotta/2058134.jpg,73,panna_cotta
images/grilled_cheese_sandwich/2048835.jpg,49,grilled_cheese_sandwich
images/hamburger/825337.jpg,53,hamburger
images/falafel/3343988.jpg,36,falafel
images/onion_rings/2210928.jpg,68,onion_rings
images/omelette/3089633.jpg,67,omelette
images/breakfast_burrito/347208.jpg,9,breakfast_burrito
images/bruschetta/2423748.jpg,10,bruschetta
images/cheese_plate/1783888.jpg,17,cheese_plate
images/grilled_cheese_sandwich/123338.jpg,49,grilled_cheese_sandwich
images/bibimbap/3880038.jpg,7,bibimbap
images/nachos/3342154.jpg,66,nachos
images/guacamole/3253675.jpg,51,guacamole
images/pork_chop/70768.jpg,77,pork_chop
images/edamame/2512641.jpg,33,edamame
images/tuna_tartare/2471922.jpg,99,tuna_tartare
images/club_sandwich/3620300.jpg,25,club_sandwich
images/hot_and_sour_soup/615327.jpg,54,hot_and_sour_soup
images/lobster_bisque/2494122.jpg,60,lobster_bisque
images/baklava/3576882.jpg,2,baklava
images/sushi/549067.jpg,95,sushi
images/croque_madame/1794353.jpg,28,croque_madame
images/caprese_salad/2140678.jpg,13,caprese_salad
images/chicken_wings/2679474.jpg,20,chicken_wings
images/miso_soup/156017.jpg,64,miso_soup
images/lobster_bisque/700114.jpg,60,lobster_bisque
images/fried_calamari/1287084.jpg,43,fried_calamari
images/ice_cream/1729632.jpg,58,ice_cream
images/churros/3528308.jpg,23,churros
images/sashimi/2113826.jpg,86,sashimi
images/pho/58456.jpg,75,pho
images/ramen/149372.jpg,81,ramen
images/fried_calamari/735945.jpg,43,fried_calamari
images/red_velvet_cake/2371709.jpg,83,red_velvet_cake
images/gnocchi/2517384.jpg,47,gnocchi
images/edamame/439718.jpg,33,edamame
images/poutine/275775.jpg,78,poutine
images/apple_pie/392009.jpg,0,apple_pie
images/deviled_eggs/3030093.jpg,30,deviled_eggs
images/sushi/2801870.jpg,95,sushi
images/french_toast/3499021.jpg,42,french_toast
images/pulled_pork_sandwich/333996.jpg,80,pulled_pork_sandwich
images/pad_thai/1355810.jpg,70,pad_thai
images/hummus/928820.jpg,57,hummus
images/ceviche/322563.jpg,15,ceviche
images/ice_cream/3802486.jpg,58,ice_cream
images/spaghetti_carbonara/816138.jpg,91,spaghetti_carbonara
images/hot_and_sour_soup/495470.jpg,54,hot_and_sour_soup
images/macarons/3823513.jpg,63,macarons
images/fried_rice/2763606.jpg,44,fried_rice
images/spaghetti_carbonara/2135600.jpg,91,spaghetti_carbonara
images/bibimbap/2436230.jpg,7,bibimbap
images/hot_dog/41227.jpg,55,hot_dog
images/grilled_cheese_sandwich/2873539.jpg,49,grilled_cheese_sandwich
images/beignets/3344188.jpg,6,beignets
images/onion_rings/1466149.jpg,68,onion_rings
images/greek_salad/362753.jpg,48,greek_salad
images/croque_madame/3054712.jpg,28,croque_madame
images/pizza/3913912.jpg,76,pizza
images/donuts/3432459.jpg,31,donuts
images/fried_calamari/1123519.jpg,43,fried_calamari
images/nachos/2554713.jpg,66,nachos
images/scallops/477060.jpg,87,scallops
images/bibimbap/1382797.jpg,7,bibimbap
images/hummus/990888.jpg,57,hummus
images/greek_salad/1815684.jpg,48,greek_salad
images/lobster_roll_sandwich/785083.jpg,61,lobster_roll_sandwich
images/tacos/2343263.jpg,96,tacos
images/omelette/2893864.jpg,67,omelette
images/fried_rice/2201308.jpg,44,fried_rice
images/macaroni_and_cheese/3593119.jpg,62,macaroni_and_cheese
images/miso_soup/254710.jpg,64,miso_soup
images/huevos_rancheros/106096.jpg,56,huevos_rancheros
images/poutine/2624135.jpg,78,poutine
images/miso_soup/2278436.jpg,64,miso_soup
images/baby_back_ribs/1772427.jpg,1,baby_back_ribs
images/pho/1076831.jpg,75,pho
images/pad_thai/2561200.jpg,70,pad_thai
images/prime_rib/1389658.jpg,79,prime_rib
images/breakfast_burrito/398222.jpg,9,breakfast_burrito
images/pancakes/967959.jpg,72,pancakes
images/oysters/1296284.jpg,69,oysters
images/french_onion_soup/2370937.jpg,41,french_onion_soup
images/pho/189229.jpg,75,pho
images/pizza/1625147.jpg,76,pizza
images/spaghetti_bolognese/398583.jpg,90,spaghetti_bolognese
images/frozen_yogurt/3486988.jpg,45,frozen_yogurt
images/beef_carpaccio/1894383.jpg,3,beef_carpaccio
images/chicken_curry/3662207.jpg,18,chicken_curry
images/ceviche/3017782.jpg,15,ceviche
images/churros/1420399.jpg,23,churros
images/tiramisu/725741.jpg,98,tiramisu
images/macarons/1948831.jpg,63,macarons
images/tiramisu/3488207.jpg,98,tiramisu
images/grilled_salmon/3695139.jpg,50,grilled_salmon
images/baklava/2444054.jpg,2,baklava
images/chicken_wings/1483786.jpg,20,chicken_wings
images/scallops/1487883.jpg,87,scallops
images/panna_cotta/2685410.jpg,73,panna_cotta
images/foie_gras/1753377.jpg,39,foie_gras
images/hummus/1344102.jpg,57,hummus
images/bruschetta/2367376.jpg,10,bruschetta
images/baby_back_ribs/2075034.jpg,1,baby_back_ribs
images/chicken_curry/1608420.jpg,18,chicken_curry
images/pho/396849.jpg,75,pho
images/chicken_quesadilla/3466414.jpg,19,chicken_quesadilla
images/chicken_wings/938476.jpg,20,chicken_wings
images/apple_pie/3879031.jpg,0,apple_pie
images/seaweed_salad/2601600.jpg,88,seaweed_salad
images/hummus/3067973.jpg,57,hummus
images/fried_rice/139328.jpg,44,fried_rice
images/chicken_curry/390080.jpg,18,chicken_curry
images/cheese_plate/25324.jpg,17,cheese_plate
images/guacamole/2501370.jpg,51,guacamole
images/sushi/501446.jpg,95,sushi
images/carrot_cake/3249987.jpg,14,carrot_cake
images/pad_thai/3205514.jpg,70,pad_thai
images/club_sandwich/1847730.jpg,25,club_sandwich
images/onion_rings/2699655.jpg,68,onion_rings
images/caesar_salad/2113788.jpg,11,caesar_salad
images/pho/357388.jpg,75,pho
images/dumplings/2600333.jpg,32,dumplings
images/escargots/3150880.jpg,35,escargots
images/cheese_plate/3173679.jpg,17,cheese_plate
images/samosa/303708.jpg,85,samosa
images/fried_calamari/3246490.jpg,43,fried_calamari
images/spaghetti_carbonara/3788846.jpg,91,spaghetti_carbonara
images/bruschetta/692779.jpg,10,bruschetta
images/tacos/986817.jpg,96,tacos
images/french_toast/1306740.jpg,42,french_toast
images/garlic_bread/1866450.jpg,46,garlic_bread
images/omelette/2401057.jpg,67,omelette
images/panna_cotta/2969782.jpg,73,panna_cotta
images/cup_cakes/1615927.jpg,29,cup_cakes
images/macaroni_and_cheese/3017836.jpg,62,macaroni_and_cheese
images/ceviche/2336024.jpg,15,ceviche
images/churros/3799876.jpg,23,churros
images/guacamole/86812.jpg,51,guacamole
images/huevos_rancheros/2864123.jpg,56,huevos_rancheros
images/chicken_curry/2121262.jpg,18,chicken_curry
images/peking_duck/398468.jpg,74,peking_duck
images/macaroni_and_cheese/843875.jpg,62,macaroni_and_cheese
images/lobster_bisque/948139.jpg,60,lobster_bisque
images/bread_pudding/1076278.jpg,8,bread_pudding
images/lasagna/3871584.jpg,59,lasagna
images/hummus/2145782.jpg,57,hummus
images/gyoza/2580459.jpg,52,gyoza
images/cup_cakes/2381037.jpg,29,cup_cakes
images/beef_carpaccio/3847374.jpg,3,beef_carpaccio
images/fried_calamari/704478.jpg,43,fried_calamari
images/waffles/3244892.jpg,100,waffles
images/sashimi/1767419.jpg,86,sashimi
images/churros/1166531.jpg,23,churros
images/pho/307122.jpg,75,pho
images/baklava/2019930.jpg,2,baklava
images/takoyaki/128746.jpg,97,takoyaki
images/ice_cream/400761.jpg,58,ice_cream
images/hamburger/22923.jpg,53,hamburger
images/ice_cream/1169627.jpg,58,ice_cream
images/hot_dog/189511.jpg,55,hot_dog
images/french_toast/3654505.jpg,42,french_toast
images/clam_chowder/225116.jpg,24,clam_chowder
images/shrimp_and_grits/1734142.jpg,89,shrimp_and_grits
images/ramen/2446060.jpg,81,ramen
images/beef_carpaccio/303851.jpg,3,beef_carpaccio
images/tacos/3200314.jpg,96,tacos
images/tuna_tartare/2623883.jpg,99,tuna_tartare
images/poutine/883850.jpg,78,poutine
images/pad_thai/2586912.jpg,70,pad_thai
images/creme_brulee/1881427.jpg,27,creme_brulee
images/bread_pudding/3772264.jpg,8,bread_pudding
images/risotto/3541271.jpg,84,risotto
images/chocolate_mousse/1488257.jpg,22,chocolate_mousse
images/bread_pudding/533940.jpg,8,bread_pudding
images/omelette/2895706.jpg,67,omelette
images/croque_madame/20543.jpg,28,croque_madame
images/croque_madame/3424408.jpg,28,croque_madame
images/peking_duck/613094.jpg,74,peking_duck
images/chicken_quesadilla/1109518.jpg,19,chicken_quesadilla
images/macaroni_and_cheese/233382.jpg,62,macaroni_and_cheese
images/poutine/2291289.jpg,78,poutine
images/pork_chop/2093350.jpg,77,pork_chop
images/grilled_cheese_sandwich/1070510.jpg,49,grilled_cheese_sandwich
images/tiramisu/1320297.jpg,98,tiramisu
images/tacos/1764697.jpg,96,tacos
images/fried_calamari/969331.jpg,43,fried_calamari
images/cheesecake/2005548.jpg,16,cheesecake
images/seaweed_salad/403656.jpg,88,seaweed_salad
images/foie_gras/1363796.jpg,39,foie_gras
images/red_velvet_cake/3143151.jpg,83,red_velvet_cake
images/donuts/1103380.jpg,31,donuts
images/peking_duck/3628561.jpg,74,peking_duck
images/guacamole/3038020.jpg,51,guacamole
images/onion_rings/166213.jpg,68,onion_rings
images/sushi/2994595.jpg,95,sushi
images/french_fries/3171053.jpg,40,french_fries
images/grilled_cheese_sandwich/1079362.jpg,49,grilled_cheese_sandwich
images/chocolate_cake/854887.jpg,21,chocolate_cake
images/pad_thai/2797996.jpg,70,pad_thai
images/panna_cotta/1954345.jpg,73,panna_cotta
images/fried_calamari/3815948.jpg,43,fried_calamari
images/chicken_quesadilla/2852051.jpg,19,chicken_quesadilla
images/spaghetti_carbonara/3246555.jpg,91,spaghetti_carbonara
images/panna_cotta/2916029.jpg,73,panna_cotta
images/carrot_cake/3824453.jpg,14,carrot_cake
images/eggs_benedict/2483118.jpg,34,eggs_benedict
images/shrimp_and_grits/3121882.jpg,89,shrimp_and_grits
images/bread_pudding/411513.jpg,8,bread_pudding
images/creme_brulee/2727376.jpg,27,creme_brulee
images/pizza/54540.jpg,76,pizza
images/gyoza/2532280.jpg,52,gyoza
images/strawberry_shortcake/1183924.jpg,94,strawberry_shortcake
images/chicken_wings/3015442.jpg,20,chicken_wings
images/scallops/2966716.jpg,87,scallops
images/shrimp_and_grits/1048493.jpg,89,shrimp_and_grits
images/beef_tartare/1122961.jpg,4,beef_tartare
images/pizza/3393898.jpg,76,pizza
images/crab_cakes/1143248.jpg,26,crab_cakes
images/sashimi/1056853.jpg,86,sashimi
images/miso_soup/1703803.jpg,64,miso_soup
images/nachos/237361.jpg,66,nachos
images/churros/3578019.jpg,23,churros
images/strawberry_shortcake/67030.jpg,94,strawberry_shortcake
images/chicken_wings/761878.jpg,20,chicken_wings
images/garlic_bread/2242225.jpg,46,garlic_bread
images/panna_cotta/2316966.jpg,73,panna_cotta
images/falafel/3575058.jpg,36,falafel
images/macaroni_and_cheese/1468957.jpg,62,macaroni_and_cheese
images/mussels/3839545.jpg,65,mussels
images/chocolate_cake/462066.jpg,21,chocolate_cake
images/samosa/3109188.jpg,85,samosa
images/beef_carpaccio/1995804.jpg,3,beef_carpaccio
images/lobster_bisque/1457490.jpg,60,lobster_bisque
images/huevos_rancheros/87572.jpg,56,huevos_rancheros
images/ramen/762620.jpg,81,ramen
images/ravioli/1164962.jpg,82,ravioli
images/mussels/2743520.jpg,65,mussels
images/shrimp_and_grits/1116552.jpg,89,shrimp_and_grits
images/sushi/176414.jpg,95,sushi
images/apple_pie/1158360.jpg,0,apple_pie
images/nachos/2734589.jpg,66,nachos
images/club_sandwich/1289502.jpg,25,club_sandwich
images/apple_pie/913161.jpg,0,apple_pie
images/bruschetta/829059.jpg,10,bruschetta
images/edamame/42964.jpg,33,edamame
images/chicken_wings/1498974.jpg,20,chicken_wings
images/gnocchi/3536910.jpg,47,gnocchi
images/donuts/2075898.jpg,31,donuts
images/greek_salad/1428367.jpg,48,greek_salad
images/huevos_rancheros/397374.jpg,56,huevos_rancheros
images/beef_carpaccio/2944860.jpg,3,beef_carpaccio
images/omelette/2338514.jpg,67,omelette
images/bruschetta/1034665.jpg,10,bruschetta
images/grilled_salmon/1346231.jpg,50,grilled_salmon
images/foie_gras/2566675.jpg,39,foie_gras
images/chicken_curry/2529912.jpg,18,chicken_curry
images/beet_salad/1656098.jpg,5,beet_salad
images/paella/2231516.jpg,71,paella
images/shrimp_and_grits/730781.jpg,89,shrimp_and_grits
images/macarons/30074.jpg,63,macarons
images/spaghetti_bolognese/1089314.jpg,90,spaghetti_bolognese
images/french_fries/3661409.jpg,40,french_fries
images/beignets/1728932.jpg,6,beignets
images/crab_cakes/3402533.jpg,26,crab_cakes
images/crab_cakes/508126.jpg,26,crab_cakes
images/filet_mignon/249015.jpg,37,filet_mignon
images/lobster_bisque/2600268.jpg,60,lobster_bisque
images/samosa/3247376.jpg,85,samosa
images/strawberry_shortcake/97240.jpg,94,strawberry_shortcake
images/hot_dog/3112702.jpg,55,hot_dog
images/pad_thai/1742446.jpg,70,pad_thai
images/hot_dog/259418.jpg,55,hot_dog
images/macarons/1353177.jpg,63,macarons
images/spaghetti_bolognese/112855.jpg,90,spaghetti_bolognese
images/breakfast_burrito/169593.jpg,9,breakfast_burrito
images/huevos_rancheros/3337159.jpg,56,huevos_rancheros
images/tacos/1755322.jpg,96,tacos
images/sashimi/142065.jpg,86,sashimi
images/bruschetta/1397147.jpg,10,bruschetta
images/spaghetti_carbonara/689867.jpg,91,spaghetti_carbonara
images/frozen_yogurt/734898.jpg,45,frozen_yogurt
images/scallops/3137770.jpg,87,scallops
images/beet_salad/3912659.jpg,5,beet_salad
images/prime_rib/2689116.jpg,79,prime_rib
images/panna_cotta/342750.jpg,73,panna_cotta
images/pizza/3898047.jpg,76,pizza
images/french_toast/3470028.jpg,42,french_toast
images/hot_dog/1588261.jpg,55,hot_dog
images/spring_rolls/3763437.jpg,92,spring_rolls
images/prime_rib/2788014.jpg,79,prime_rib
images/grilled_salmon/3701819.jpg,50,grilled_salmon
images/tiramisu/2927587.jpg,98,tiramisu
images/spaghetti_carbonara/715901.jpg,91,spaghetti_carbonara
images/shrimp_and_grits/1837808.jpg,89,shrimp_and_grits
images/eggs_benedict/3063641.jpg,34,eggs_benedict
images/beef_tartare/1066933.jpg,4,beef_tartare
images/club_sandwich/1398996.jpg,25,club_sandwich
images/chicken_wings/3241767.jpg,20,chicken_wings
images/french_toast/130526.jpg,42,french_toast
images/caesar_salad/1918486.jpg,11,caesar_salad
images/fried_calamari/2160518.jpg,43,fried_calamari
images/fish_and_chips/2946438.jpg,38,fish_and_chips
images/fried_calamari/2745602.jpg,43,fried_calamari
images/tiramisu/3400472.jpg,98,tiramisu
images/lasagna/3357784.jpg,59,lasagna
images/shrimp_and_grits/3610267.jpg,89,shrimp_and_grits
images/croque_madame/188160.jpg,28,croque_madame
images/nachos/2592053.jpg,66,nachos
images/tacos/3342870.jpg,96,tacos
images/cheese_plate/81579.jpg,17,cheese_plate
images/deviled_eggs/1379915.jpg,30,deviled_eggs
images/beet_salad/1691717.jpg,5,beet_salad
images/ceviche/1323732.jpg,15,ceviche
images/cheese_plate/775216.jpg,17,cheese_plate
images/risotto/46716.jpg,84,risotto
images/steak/1453991.jpg,93,steak
images/cheese_plate/1800133.jpg,17,cheese_plate
images/risotto/716450.jpg,84,risotto
images/churros/938480.jpg,23,churros
images/bruschetta/1640671.jpg,10,bruschetta
images/omelette/2553590.jpg,67,omelette
images/spaghetti_carbonara/2771622.jpg,91,spaghetti_carbonara
images/foie_gras/1376638.jpg,39,foie_gras
images/clam_chowder/2113399.jpg,24,clam_chowder
images/caesar_salad/2877666.jpg,11,caesar_salad
images/ice_cream/651308.jpg,58,ice_cream
images/frozen_yogurt/1817916.jpg,45,frozen_yogurt
images/fish_and_chips/3672318.jpg,38,fish_and_chips
images/carrot_cake/2677175.jpg,14,carrot_cake
images/huevos_rancheros/1492943.jpg,56,huevos_rancheros
images/onion_rings/231588.jpg,68,onion_rings
images/clam_chowder/30163.jpg,24,clam_chowder
images/donuts/3097160.jpg,31,donuts
images/waffles/380699.jpg,100,waffles
images/beignets/1532761.jpg,6,beignets
images/ramen/714443.jpg,81,ramen
images/carrot_cake/3265262.jpg,14,carrot_cake
images/omelette/660189.jpg,67,omelette
images/bruschetta/714238.jpg,10,bruschetta
images/macarons/397979.jpg,63,macarons
images/fried_rice/3623708.jpg,44,fried_rice
images/lobster_bisque/2468162.jpg,60,lobster_bisque
images/macaroni_and_cheese/694141.jpg,62,macaroni_and_cheese
images/tacos/952872.jpg,96,tacos
images/tacos/3918117.jpg,96,tacos
images/creme_brulee/18583.jpg,27,creme_brulee
images/macaroni_and_cheese/1358518.jpg,62,macaroni_and_cheese
images/baby_back_ribs/999098.jpg,1,baby_back_ribs
images/strawberry_shortcake/3613903.jpg,94,strawberry_shortcake
images/caesar_salad/2153578.jpg,11,caesar_salad
images/lobster_roll_sandwich/92733.jpg,61,lobster_roll_sandwich
images/fried_rice/3749301.jpg,44,fried_rice
images/beet_salad/2488468.jpg,5,beet_salad
images/lobster_roll_sandwich/1460366.jpg,61,lobster_roll_sandwich
images/beignets/840684.jpg,6,beignets
images/foie_gras/1287114.jpg,39,foie_gras
images/paella/3369921.jpg,71,paella
images/chicken_curry/1900953.jpg,18,chicken_curry
images/seaweed_salad/2697207.jpg,88,seaweed_salad
images/beef_tartare/3469741.jpg,4,beef_tartare
images/pho/2409828.jpg,75,pho
images/pulled_pork_sandwich/1736653.jpg,80,pulled_pork_sandwich
images/omelette/1600856.jpg,67,omelette
images/creme_brulee/1081059.jpg,27,creme_brulee
images/clam_chowder/1515033.jpg,24,clam_chowder
images/caesar_salad/2010290.jpg,11,caesar_salad
images/risotto/282518.jpg,84,risotto
images/poutine/1805879.jpg,78,poutine
images/hummus/2506782.jpg,57,hummus
images/peking_duck/1312579.jpg,74,peking_duck
images/ice_cream/2473149.jpg,58,ice_cream
images/cup_cakes/1979151.jpg,29,cup_cakes
images/dumplings/135970.jpg,32,dumplings
images/onion_rings/3710023.jpg,68,onion_rings
images/tuna_tartare/1407420.jpg,99,tuna_tartare
images/pad_thai/200533.jpg,70,pad_thai
images/foie_gras/2433936.jpg,39,foie_gras
images/hummus/2756592.jpg,57,hummus
images/pancakes/2062884.jpg,72,pancakes
images/lobster_bisque/904724.jpg,60,lobster_bisque
images/peking_duck/3011005.jpg,74,peking_duck
images/cheesecake/2079422.jpg,16,cheesecake
images/foie_gras/289956.jpg,39,foie_gras
images/beef_tartare/1506570.jpg,4,beef_tartare
images/prime_rib/2656691.jpg,79,prime_rib
images/tacos/2375378.jpg,96,tacos
images/peking_duck/194360.jpg,74,peking_duck
images/poutine/2137660.jpg,78,poutine
images/frozen_yogurt/3802650.jpg,45,frozen_yogurt
images/baklava/3188535.jpg,2,baklava
images/miso_soup/1323179.jpg,64,miso_soup
images/chicken_curry/882723.jpg,18,chicken_curry
images/paella/2624031.jpg,71,paella
images/gnocchi/973271.jpg,47,gnocchi
images/fish_and_chips/2519024.jpg,38,fish_and_chips
images/paella/3528426.jpg,71,paella
images/beef_carpaccio/3049045.jpg,3,beef_carpaccio
images/caprese_salad/1048582.jpg,13,caprese_salad
images/chicken_quesadilla/414284.jpg,19,chicken_quesadilla
images/macaroni_and_cheese/2064259.jpg,62,macaroni_and_cheese
images/carrot_cake/1165085.jpg,14,carrot_cake
images/creme_brulee/1208047.jpg,27,creme_brulee
images/prime_rib/42954.jpg,79,prime_rib
images/samosa/2461702.jpg,85,samosa
images/grilled_cheese_sandwich/791080.jpg,49,grilled_cheese_sandwich
images/bruschetta/3435835.jpg,10,bruschetta
images/prime_rib/2640383.jpg,79,prime_rib
images/ice_cream/3387913.jpg,58,ice_cream
images/nachos/2748007.jpg,66,nachos
images/apple_pie/395303.jpg,0,apple_pie
images/huevos_rancheros/2235030.jpg,56,huevos_rancheros
images/dumplings/55070.jpg,32,dumplings
images/clam_chowder/23722.jpg,24,clam_chowder
images/beignets/2595938.jpg,6,beignets
images/foie_gras/550557.jpg,39,foie_gras
images/seaweed_salad/283533.jpg,88,seaweed_salad
images/creme_brulee/815670.jpg,27,creme_brulee
images/nachos/3912924.jpg,66,nachos
images/pancakes/2690233.jpg,72,pancakes
images/pork_chop/3681818.jpg,77,pork_chop
images/eggs_benedict/2428441.jpg,34,eggs_benedict
images/donuts/2065905.jpg,31,donuts
images/beef_tartare/3327968.jpg,4,beef_tartare
images/croque_madame/2533388.jpg,28,croque_madame
images/pad_thai/2597567.jpg,70,pad_thai
images/pizza/765000.jpg,76,pizza
images/ramen/1671544.jpg,81,ramen
images/nachos/1546806.jpg,66,nachos
images/bruschetta/3782173.jpg,10,bruschetta
images/lobster_bisque/2714735.jpg,60,lobster_bisque
images/beet_salad/2710842.jpg,5,beet_salad
images/hot_and_sour_soup/1257447.jpg,54,hot_and_sour_soup
images/hummus/1559689.jpg,57,hummus
images/chocolate_mousse/3002014.jpg,22,chocolate_mousse
images/baby_back_ribs/444503.jpg,1,baby_back_ribs
images/hummus/3904863.jpg,57,hummus
images/spring_rolls/3708422.jpg,92,spring_rolls
images/churros/3037547.jpg,23,churros
images/prime_rib/2893674.jpg,79,prime_rib
images/takoyaki/685493.jpg,97,takoyaki
images/mussels/3013695.jpg,65,mussels
images/peking_duck/3734420.jpg,74,peking_duck
images/huevos_rancheros/3344810.jpg,56,huevos_rancheros
images/miso_soup/868388.jpg,64,miso_soup
images/pancakes/366442.jpg,72,pancakes
images/greek_salad/1062715.jpg,48,greek_salad
images/macaroni_and_cheese/1611175.jpg,62,macaroni_and_cheese
images/filet_mignon/2623747.jpg,37,filet_mignon
images/lobster_roll_sandwich/422669.jpg,61,lobster_roll_sandwich
images/huevos_rancheros/100439.jpg,56,huevos_rancheros
images/shrimp_and_grits/3421778.jpg,89,shrimp_and_grits
images/seaweed_salad/191498.jpg,88,seaweed_salad
images/beignets/264256.jpg,6,beignets
images/pork_chop/2814065.jpg,77,pork_chop
images/scallops/3106892.jpg,87,scallops
images/chocolate_mousse/3195015.jpg,22,chocolate_mousse
images/macaroni_and_cheese/1952466.jpg,62,macaroni_and_cheese
images/fish_and_chips/1575384.jpg,38,fish_and_chips
images/club_sandwich/2044086.jpg,25,club_sandwich
images/chicken_curry/1065322.jpg,18,chicken_curry
images/waffles/675917.jpg,100,waffles
images/eggs_benedict/3029441.jpg,34,eggs_benedict
images/tuna_tartare/3794734.jpg,99,tuna_tartare
images/creme_brulee/124749.jpg,27,creme_brulee
images/samosa/642627.jpg,85,samosa
images/oysters/620223.jpg,69,oysters
images/pad_thai/1568582.jpg,70,pad_thai
images/caesar_salad/2593985.jpg,11,caesar_salad
images/lobster_roll_sandwich/27772.jpg,61,lobster_roll_sandwich
images/beet_salad/223278.jpg,5,beet_salad
images/escargots/1815488.jpg,35,escargots
images/spring_rolls/2170285.jpg,92,spring_rolls
images/breakfast_burrito/2139158.jpg,9,breakfast_burrito
images/spaghetti_carbonara/911604.jpg,91,spaghetti_carbonara
images/bread_pudding/3679812.jpg,8,bread_pudding
images/oysters/3537356.jpg,69,oysters
images/eggs_benedict/1830519.jpg,34,eggs_benedict
images/red_velvet_cake/324683.jpg,83,red_velvet_cake
images/ramen/1661819.jpg,81,ramen
images/caprese_salad/3484794.jpg,13,caprese_salad
images/strawberry_shortcake/2391522.jpg,94,strawberry_shortcake
images/macarons/3615118.jpg,63,macarons
images/french_toast/3159960.jpg,42,french_toast
images/french_toast/2440843.jpg,42,french_toast
images/chocolate_cake/3203354.jpg,21,chocolate_cake
images/churros/50099.jpg,23,churros
images/samosa/1997247.jpg,85,samosa
images/samosa/1078473.jpg,85,samosa
images/caesar_salad/2857487.jpg,11,caesar_salad
images/pork_chop/2468744.jpg,77,pork_chop
images/sashimi/125882.jpg,86,sashimi
images/cannoli/2825251.jpg,12,cannoli
images/lasagna/385113.jpg,59,lasagna
images/lobster_bisque/3018446.jpg,60,lobster_bisque
images/ravioli/2363509.jpg,82,ravioli
images/pizza/1828050.jpg,76,pizza
images/hummus/2803308.jpg,57,hummus
images/fried_rice/1242614.jpg,44,fried_rice
images/waffles/2522165.jpg,100,waffles
images/french_onion_soup/2707780.jpg,41,french_onion_soup
images/grilled_salmon/2821906.jpg,50,grilled_salmon
images/gnocchi/1807013.jpg,47,gnocchi
images/chocolate_cake/1855652.jpg,21,chocolate_cake
images/frozen_yogurt/69915.jpg,45,frozen_yogurt
images/chicken_curry/2790493.jpg,18,chicken_curry
images/mussels/3568376.jpg,65,mussels
images/ramen/1303305.jpg,81,ramen
images/omelette/3142873.jpg,67,omelette
images/chicken_wings/856519.jpg,20,chicken_wings
images/baby_back_ribs/466260.jpg,1,baby_back_ribs
images/chocolate_mousse/3672683.jpg,22,chocolate_mousse
images/chicken_curry/1944183.jpg,18,chicken_curry
images/caesar_salad/1803711.jpg,11,caesar_salad
images/club_sandwich/1451809.jpg,25,club_sandwich
images/french_toast/2130556.jpg,42,french_toast
images/pulled_pork_sandwich/1141964.jpg,80,pulled_pork_sandwich
images/lobster_roll_sandwich/55490.jpg,61,lobster_roll_sandwich
images/fried_calamari/1830753.jpg,43,fried_calamari
images/steak/179293.jpg,93,steak
images/omelette/3319061.jpg,67,omelette
images/prime_rib/2563545.jpg,79,prime_rib
images/red_velvet_cake/1233845.jpg,83,red_velvet_cake
images/spaghetti_carbonara/2481347.jpg,91,spaghetti_carbonara
images/spaghetti_bolognese/615339.jpg,90,spaghetti_bolognese
images/donuts/588026.jpg,31,donuts
images/pancakes/903301.jpg,72,pancakes
images/beef_tartare/2654229.jpg,4,beef_tartare
images/baby_back_ribs/2611024.jpg,1,baby_back_ribs
images/clam_chowder/606876.jpg,24,clam_chowder
images/french_toast/1145765.jpg,42,french_toast
images/takoyaki/3692091.jpg,97,takoyaki
images/club_sandwich/2928051.jpg,25,club_sandwich
images/samosa/3914432.jpg,85,samosa
images/hot_dog/2626957.jpg,55,hot_dog
images/bread_pudding/144233.jpg,8,bread_pudding
images/ceviche/1493429.jpg,15,ceviche
images/hamburger/503145.jpg,53,hamburger
images/ice_cream/581343.jpg,58,ice_cream
images/carrot_cake/2747133.jpg,14,carrot_cake
images/ramen/3729520.jpg,81,ramen
images/beet_salad/3799625.jpg,5,beet_salad
images/hot_dog/21643.jpg,55,hot_dog
images/chicken_wings/3803892.jpg,20,chicken_wings
images/filet_mignon/2885586.jpg,37,filet_mignon
images/baklava/3184288.jpg,2,baklava
images/grilled_cheese_sandwich/1667967.jpg,49,grilled_cheese_sandwich
images/omelette/2718820.jpg,67,omelette
images/waffles/3646191.jpg,100,waffles
images/clam_chowder/2595850.jpg,24,clam_chowder
images/pad_thai/2083200.jpg,70,pad_thai
images/nachos/1393507.jpg,66,nachos
images/ceviche/3312898.jpg,15,ceviche
images/paella/3823207.jpg,71,paella
images/tuna_tartare/1750574.jpg,99,tuna_tartare
images/chicken_curry/2591392.jpg,18,chicken_curry
images/hamburger/1897946.jpg,53,hamburger
images/takoyaki/1726046.jpg,97,takoyaki
images/miso_soup/1728897.jpg,64,miso_soup
images/grilled_salmon/116447.jpg,50,grilled_salmon
images/chicken_curry/2553422.jpg,18,chicken_curry
images/cheesecake/2864249.jpg,16,cheesecake
images/club_sandwich/723071.jpg,25,club_sandwich
images/fish_and_chips/1585351.jpg,38,fish_and_chips
images/beet_salad/1452710.jpg,5,beet_salad
images/bruschetta/1409611.jpg,10,bruschetta
images/tiramisu/284511.jpg,98,tiramisu
images/fish_and_chips/2742749.jpg,38,fish_and_chips
images/cannoli/335467.jpg,12,cannoli
images/spring_rolls/2189420.jpg,92,spring_rolls
images/tiramisu/541848.jpg,98,tiramisu
images/ramen/227616.jpg,81,ramen
images/beet_salad/1764839.jpg,5,beet_salad
images/croque_madame/3023214.jpg,28,croque_madame
images/dumplings/3855005.jpg,32,dumplings
images/hot_and_sour_soup/1805255.jpg,54,hot_and_sour_soup
images/beef_tartare/399286.jpg,4,beef_tartare
images/beignets/3332506.jpg,6,beignets
images/grilled_cheese_sandwich/1349253.jpg,49,grilled_cheese_sandwich
images/tacos/74573.jpg,96,tacos
images/mussels/1950161.jpg,65,mussels
images/chocolate_cake/3670513.jpg,21,chocolate_cake
images/seaweed_salad/2437756.jpg,88,seaweed_salad
images/caprese_salad/2693721.jpg,13,caprese_salad
images/beignets/650707.jpg,6,beignets
images/hummus/1277276.jpg,57,hummus
images/french_toast/3168571.jpg,42,french_toast
images/chicken_quesadilla/2819043.jpg,19,chicken_quesadilla
images/onion_rings/650792.jpg,68,onion_rings
images/chicken_wings/2320446.jpg,20,chicken_wings
images/fish_and_chips/1012859.jpg,38,fish_and_chips
images/baby_back_ribs/1829271.jpg,1,baby_back_ribs
images/macaroni_and_cheese/1261080.jpg,62,macaroni_and_cheese
images/frozen_yogurt/775380.jpg,45,frozen_yogurt
images/chocolate_mousse/1293948.jpg,22,chocolate_mousse
images/onion_rings/306499.jpg,68,onion_rings
images/tuna_tartare/2385346.jpg,99,tuna_tartare
images/carrot_cake/2427617.jpg,14,carrot_cake
images/hamburger/2777938.jpg,53,hamburger
images/french_onion_soup/3924069.jpg,41,french_onion_soup
images/pho/1563592.jpg,75,pho
images/eggs_benedict/1669222.jpg,34,eggs_benedict
images/lobster_bisque/1334336.jpg,60,lobster_bisque
images/apple_pie/134.jpg,0,apple_pie
images/onion_rings/3469890.jpg,68,onion_rings
images/nachos/3441815.jpg,66,nachos
images/beignets/2775006.jpg,6,beignets
images/grilled_cheese_sandwich/654805.jpg,49,grilled_cheese_sandwich
images/pulled_pork_sandwich/861477.jpg,80,pulled_pork_sandwich
images/ice_cream/345902.jpg,58,ice_cream
images/lobster_bisque/2369419.jpg,60,lobster_bisque
images/macaroni_and_cheese/3198507.jpg,62,macaroni_and_cheese
images/guacamole/2614565.jpg,51,guacamole
images/lobster_bisque/2911869.jpg,60,lobster_bisque
images/caesar_salad/2959935.jpg,11,caesar_salad
images/hummus/2875052.jpg,57,hummus
images/cheesecake/2714153.jpg,16,cheesecake
images/caprese_salad/3694103.jpg,13,caprese_salad
images/huevos_rancheros/1525333.jpg,56,huevos_rancheros
images/beet_salad/3402957.jpg,5,beet_salad
images/spaghetti_bolognese/2687161.jpg,90,spaghetti_bolognese
images/miso_soup/635760.jpg,64,miso_soup
images/chocolate_mousse/1350226.jpg,22,chocolate_mousse
images/oysters/370441.jpg,69,oysters
images/tiramisu/3704078.jpg,98,tiramisu
images/escargots/1965742.jpg,35,escargots
images/filet_mignon/488076.jpg,37,filet_mignon
images/spaghetti_carbonara/3908531.jpg,91,spaghetti_carbonara
images/filet_mignon/1881854.jpg,37,filet_mignon
images/fish_and_chips/2261540.jpg,38,fish_and_chips
images/takoyaki/919902.jpg,97,takoyaki
images/ravioli/3505109.jpg,82,ravioli
images/miso_soup/1032814.jpg,64,miso_soup
images/chicken_curry/2343873.jpg,18,chicken_curry
images/chicken_quesadilla/3773275.jpg,19,chicken_quesadilla
images/paella/1556773.jpg,71,paella
images/samosa/536210.jpg,85,samosa
images/bibimbap/1311478.jpg,7,bibimbap
images/caesar_salad/1508241.jpg,11,caesar_salad
images/hamburger/825243.jpg,53,hamburger
images/caesar_salad/3837950.jpg,11,caesar_salad
images/baby_back_ribs/941715.jpg,1,baby_back_ribs
images/mussels/2904253.jpg,65,mussels
images/donuts/415941.jpg,31,donuts
images/lobster_roll_sandwich/3533882.jpg,61,lobster_roll_sandwich
images/onion_rings/3021096.jpg,68,onion_rings
images/beef_tartare/3722200.jpg,4,beef_tartare
images/beef_carpaccio/687440.jpg,3,beef_carpaccio
images/panna_cotta/3148591.jpg,73,panna_cotta
images/bibimbap/2756167.jpg,7,bibimbap
images/peking_duck/1717243.jpg,74,peking_duck
images/caprese_salad/2718882.jpg,13,caprese_salad
images/risotto/2174029.jpg,84,risotto
images/chicken_quesadilla/768882.jpg,19,chicken_quesadilla
images/strawberry_shortcake/3319690.jpg,94,strawberry_shortcake
images/beef_tartare/68018.jpg,4,beef_tartare
images/baby_back_ribs/381199.jpg,1,baby_back_ribs
images/mussels/3334027.jpg,65,mussels
images/takoyaki/2344460.jpg,97,takoyaki
images/red_velvet_cake/3686479.jpg,83,red_velvet_cake
images/beef_carpaccio/11466.jpg,3,beef_carpaccio
images/hamburger/607907.jpg,53,hamburger
images/bread_pudding/2771741.jpg,8,bread_pudding
images/fried_rice/1550927.jpg,44,fried_rice
images/chicken_curry/2961459.jpg,18,chicken_curry
images/prime_rib/1748777.jpg,79,prime_rib
images/strawberry_shortcake/219579.jpg,94,strawberry_shortcake
images/huevos_rancheros/448498.jpg,56,huevos_rancheros
images/miso_soup/3129887.jpg,64,miso_soup
images/tuna_tartare/2054924.jpg,99,tuna_tartare
images/pancakes/96818.jpg,72,pancakes
images/pizza/1097980.jpg,76,pizza
images/oysters/1294486.jpg,69,oysters
images/scallops/3640042.jpg,87,scallops
images/cannoli/1880080.jpg,12,cannoli
images/takoyaki/1029933.jpg,97,takoyaki
images/french_onion_soup/1492684.jpg,41,french_onion_soup
images/steak/2018173.jpg,93,steak
images/hummus/3676226.jpg,57,hummus
images/escargots/778446.jpg,35,escargots
images/oysters/64301.jpg,69,oysters
images/churros/3417598.jpg,23,churros
images/apple_pie/1252879.jpg,0,apple_pie
images/hot_and_sour_soup/23229.jpg,54,hot_and_sour_soup
images/chocolate_cake/260402.jpg,21,chocolate_cake
images/pork_chop/2558943.jpg,77,pork_chop
images/deviled_eggs/3891754.jpg,30,deviled_eggs
images/poutine/348782.jpg,78,poutine
images/omelette/1262923.jpg,67,omelette
images/eggs_benedict/2461862.jpg,34,eggs_benedict
images/sushi/3288206.jpg,95,sushi
images/apple_pie/884504.jpg,0,apple_pie
images/fried_calamari/94058.jpg,43,fried_calamari
images/foie_gras/2879410.jpg,39,foie_gras
images/donuts/687231.jpg,31,donuts
images/deviled_eggs/2550949.jpg,30,deviled_eggs
images/waffles/978448.jpg,100,waffles
images/fried_rice/184072.jpg,44,fried_rice
images/club_sandwich/3007824.jpg,25,club_sandwich
images/lobster_roll_sandwich/635673.jpg,61,lobster_roll_sandwich
images/steak/3538682.jpg,93,steak
images/nachos/3401369.jpg,66,nachos
images/greek_salad/2535643.jpg,48,greek_salad
images/clam_chowder/2634149.jpg,24,clam_chowder
images/waffles/1192810.jpg,100,waffles
images/seaweed_salad/1327435.jpg,88,seaweed_salad
images/waffles/825982.jpg,100,waffles
images/pork_chop/2781994.jpg,77,pork_chop
images/lobster_bisque/2579971.jpg,60,lobster_bisque
images/red_velvet_cake/12735.jpg,83,red_velvet_cake
images/frozen_yogurt/1077501.jpg,45,frozen_yogurt
images/ice_cream/2985402.jpg,58,ice_cream
images/beignets/2394104.jpg,6,beignets
images/panna_cotta/2380624.jpg,73,panna_cotta
images/cannoli/739803.jpg,12,cannoli
images/baklava/3742847.jpg,2,baklava
images/breakfast_burrito/2302963.jpg,9,breakfast_burrito
images/prime_rib/620613.jpg,79,prime_rib
images/french_toast/1984078.jpg,42,french_toast
images/macaroni_and_cheese/1462449.jpg,62,macaroni_and_cheese
images/pancakes/125891.jpg,72,pancakes
images/huevos_rancheros/250468.jpg,56,huevos_rancheros
images/seaweed_salad/858614.jpg,88,seaweed_salad
images/ice_cream/1488989.jpg,58,ice_cream
images/shrimp_and_grits/1044536.jpg,89,shrimp_and_grits
images/escargots/574829.jpg,35,escargots
images/prime_rib/3110095.jpg,79,prime_rib
images/frozen_yogurt/3577020.jpg,45,frozen_yogurt
images/breakfast_burrito/373283.jpg,9,breakfast_burrito
images/onion_rings/3702163.jpg,68,onion_rings
images/risotto/393249.jpg,84,risotto
images/shrimp_and_grits/3270992.jpg,89,shrimp_and_grits
images/creme_brulee/929976.jpg,27,creme_brulee
images/macarons/101324.jpg,63,macarons
images/fried_calamari/2293161.jpg,43,fried_calamari
images/macaroni_and_cheese/581437.jpg,62,macaroni_and_cheese
images/bibimbap/573996.jpg,7,bibimbap
images/ceviche/975853.jpg,15,ceviche
images/carrot_cake/2183537.jpg,14,carrot_cake
images/breakfast_burrito/1986921.jpg,9,breakfast_burrito
images/gyoza/3440908.jpg,52,gyoza
images/poutine/2400376.jpg,78,poutine
images/creme_brulee/216644.jpg,27,creme_brulee
images/lobster_bisque/2830260.jpg,60,lobster_bisque
images/guacamole/737408.jpg,51,guacamole
images/shrimp_and_grits/3433866.jpg,89,shrimp_and_grits
images/pancakes/767868.jpg,72,pancakes
images/omelette/1640730.jpg,67,omelette
images/ceviche/3624802.jpg,15,ceviche
images/mussels/1383975.jpg,65,mussels
images/caprese_salad/1149550.jpg,13,caprese_salad
images/sashimi/934937.jpg,86,sashimi
images/donuts/203890.jpg,31,donuts
images/lobster_roll_sandwich/2081508.jpg,61,lobster_roll_sandwich
images/beignets/1205996.jpg,6,beignets
images/prime_rib/1418346.jpg,79,prime_rib
images/steak/2940544.jpg,93,steak
images/bread_pudding/3360495.jpg,8,bread_pudding
images/spaghetti_bolognese/3633656.jpg,90,spaghetti_bolognese
images/chicken_curry/2879308.jpg,18,chicken_curry
images/baby_back_ribs/2033487.jpg,1,baby_back_ribs
images/guacamole/1809425.jpg,51,guacamole
images/edamame/3721395.jpg,33,edamame
images/churros/1109507.jpg,23,churros
images/hummus/1942396.jpg,57,hummus
images/cheese_plate/341204.jpg,17,cheese_plate
images/lasagna/3026315.jpg,59,lasagna
images/samosa/816846.jpg,85,samosa
images/fried_rice/1167189.jpg,44,fried_rice
images/beef_carpaccio/512909.jpg,3,beef_carpaccio
images/breakfast_burrito/470219.jpg,9,breakfast_burrito
images/hot_and_sour_soup/148669.jpg,54,hot_and_sour_soup
images/fish_and_chips/1468016.jpg,38,fish_and_chips
images/pad_thai/147901.jpg,70,pad_thai
images/falafel/1418903.jpg,36,falafel
images/beet_salad/1617168.jpg,5,beet_salad
images/lobster_bisque/536148.jpg,60,lobster_bisque
images/grilled_salmon/3670777.jpg,50,grilled_salmon
images/croque_madame/320336.jpg,28,croque_madame
images/caesar_salad/2262633.jpg,11,caesar_salad
images/nachos/839211.jpg,66,nachos
images/churros/282178.jpg,23,churros
images/onion_rings/2278291.jpg,68,onion_rings
images/nachos/1710310.jpg,66,nachos
images/eggs_benedict/367182.jpg,34,eggs_benedict
images/chocolate_mousse/3549214.jpg,22,chocolate_mousse
images/oysters/3164740.jpg,69,oysters
images/chicken_curry/93771.jpg,18,chicken_curry
images/filet_mignon/1834039.jpg,37,filet_mignon
images/hummus/2227932.jpg,57,hummus
images/red_velvet_cake/1903340.jpg,83,red_velvet_cake
images/pancakes/2633371.jpg,72,pancakes
images/pad_thai/2871078.jpg,70,pad_thai
images/oysters/1023832.jpg,69,oysters
images/churros/1306883.jpg,23,churros
images/french_onion_soup/3547311.jpg,41,french_onion_soup
images/miso_soup/2461534.jpg,64,miso_soup
images/ramen/3536305.jpg,81,ramen
images/onion_rings/3814157.jpg,68,onion_rings
images/hamburger/1177971.jpg,53,hamburger
images/foie_gras/3041204.jpg,39,foie_gras
images/foie_gras/322912.jpg,39,foie_gras
images/cheesecake/2240092.jpg,16,cheesecake
images/samosa/1011601.jpg,85,samosa
images/sashimi/3902509.jpg,86,sashimi
images/nachos/926596.jpg,66,nachos
images/steak/1351372.jpg,93,steak
images/grilled_cheese_sandwich/1795469.jpg,49,grilled_cheese_sandwich
images/fried_rice/2834370.jpg,44,fried_rice
images/poutine/1502509.jpg,78,poutine
images/filet_mignon/1559892.jpg,37,filet_mignon
images/omelette/2838870.jpg,67,omelette
images/huevos_rancheros/3896415.jpg,56,huevos_rancheros
images/chocolate_cake/1091072.jpg,21,chocolate_cake
images/huevos_rancheros/1920171.jpg,56,huevos_rancheros
images/huevos_rancheros/3781681.jpg,56,huevos_rancheros
images/french_onion_soup/3766160.jpg,41,french_onion_soup
images/guacamole/1718567.jpg,51,guacamole
images/creme_brulee/930285.jpg,27,creme_brulee
images/bibimbap/2917369.jpg,7,bibimbap
images/filet_mignon/1002767.jpg,37,filet_mignon
images/gyoza/1404605.jpg,52,gyoza
images/pancakes/3585697.jpg,72,pancakes
images/bruschetta/3422245.jpg,10,bruschetta
images/ravioli/3056460.jpg,82,ravioli
images/breakfast_burrito/74152.jpg,9,breakfast_burrito
images/macarons/1415844.jpg,63,macarons
images/hot_and_sour_soup/3049467.jpg,54,hot_and_sour_soup
images/bruschetta/770721.jpg,10,bruschetta
images/cheesecake/2429171.jpg,16,cheesecake
images/miso_soup/2762393.jpg,64,miso_soup
images/huevos_rancheros/3168463.jpg,56,huevos_rancheros
images/shrimp_and_grits/1052125.jpg,89,shrimp_and_grits
images/foie_gras/3865819.jpg,39,foie_gras
images/spaghetti_carbonara/742640.jpg,91,spaghetti_carbonara
images/ceviche/1496449.jpg,15,ceviche
images/miso_soup/2991755.jpg,64,miso_soup
images/baklava/3693361.jpg,2,baklava
images/pancakes/2646645.jpg,72,pancakes
images/crab_cakes/866251.jpg,26,crab_cakes
images/ravioli/566960.jpg,82,ravioli
images/ramen/2339284.jpg,81,ramen
images/poutine/2743279.jpg,78,poutine
images/oysters/3681857.jpg,69,oysters
images/escargots/2189895.jpg,35,escargots
images/bibimbap/2282490.jpg,7,bibimbap
images/hot_dog/581166.jpg,55,hot_dog
images/spaghetti_carbonara/2817840.jpg,91,spaghetti_carbonara
images/omelette/1383082.jpg,67,omelette
images/apple_pie/2110985.jpg,0,apple_pie
images/beet_salad/177929.jpg,5,beet_salad
images/omelette/2518189.jpg,67,omelette
images/ravioli/3024736.jpg,82,ravioli
images/churros/1860672.jpg,23,churros
images/sushi/1165660.jpg,95,sushi
images/huevos_rancheros/2100562.jpg,56,huevos_rancheros
images/chicken_wings/1700256.jpg,20,chicken_wings
images/dumplings/2001061.jpg,32,dumplings
images/apple_pie/2777273.jpg,0,apple_pie
images/hamburger/3670065.jpg,53,hamburger
images/club_sandwich/3340875.jpg,25,club_sandwich
images/filet_mignon/3032600.jpg,37,filet_mignon
images/caprese_salad/2391601.jpg,13,caprese_salad
images/breakfast_burrito/330335.jpg,9,breakfast_burrito
images/french_onion_soup/3204112.jpg,41,french_onion_soup
images/sushi/2004525.jpg,95,sushi
images/baby_back_ribs/1621773.jpg,1,baby_back_ribs
images/tiramisu/3833309.jpg,98,tiramisu
images/creme_brulee/2785308.jpg,27,creme_brulee
images/pulled_pork_sandwich/384687.jpg,80,pulled_pork_sandwich
images/panna_cotta/187328.jpg,73,panna_cotta
images/tacos/776077.jpg,96,tacos
images/lasagna/2296725.jpg,59,lasagna
images/sushi/2242203.jpg,95,sushi
images/steak/2988960.jpg,93,steak
images/panna_cotta/3244528.jpg,73,panna_cotta
images/croque_madame/672798.jpg,28,croque_madame
images/fried_rice/1413623.jpg,44,fried_rice
images/fried_calamari/2961901.jpg,43,fried_calamari
images/fish_and_chips/3595951.jpg,38,fish_and_chips
images/caesar_salad/3655302.jpg,11,caesar_salad
images/pad_thai/2937676.jpg,70,pad_thai
images/french_onion_soup/1617170.jpg,41,french_onion_soup
images/ice_cream/1161150.jpg,58,ice_cream
images/beef_carpaccio/1931541.jpg,3,beef_carpaccio
images/ceviche/1290223.jpg,15,ceviche
images/crab_cakes/1079377.jpg,26,crab_cakes
images/beef_carpaccio/3601506.jpg,3,beef_carpaccio
images/huevos_rancheros/1036548.jpg,56,huevos_rancheros
images/chicken_quesadilla/3614780.jpg,19,chicken_quesadilla
images/escargots/2118552.jpg,35,escargots
images/oysters/2685846.jpg,69,oysters
images/frozen_yogurt/2943199.jpg,45,frozen_yogurt
images/pho/812554.jpg,75,pho
images/baklava/1706197.jpg,2,baklava
images/beet_salad/2155565.jpg,5,beet_salad
images/donuts/405089.jpg,31,donuts
images/spaghetti_carbonara/2302936.jpg,91,spaghetti_carbonara
images/ceviche/1206719.jpg,15,ceviche
images/red_velvet_cake/880608.jpg,83,red_velvet_cake
images/gyoza/394338.jpg,52,gyoza
images/cheese_plate/256631.jpg,17,cheese_plate
images/paella/1019711.jpg,71,paella
images/cannoli/3463519.jpg,12,cannoli
images/paella/1257076.jpg,71,paella
images/ice_cream/2636201.jpg,58,ice_cream
images/spring_rolls/1651336.jpg,92,spring_rolls
images/filet_mignon/1326113.jpg,37,filet_mignon
images/red_velvet_cake/3210636.jpg,83,red_velvet_cake
images/churros/532363.jpg,23,churros
images/foie_gras/160112.jpg,39,foie_gras
images/foie_gras/397432.jpg,39,foie_gras
images/pulled_pork_sandwich/2769164.jpg,80,pulled_pork_sandwich
images/fish_and_chips/2852000.jpg,38,fish_and_chips
images/cheesecake/3688698.jpg,16,cheesecake
images/guacamole/2694781.jpg,51,guacamole
images/chocolate_cake/3665218.jpg,21,chocolate_cake
images/seaweed_salad/3580654.jpg,88,seaweed_salad
images/caprese_salad/691390.jpg,13,caprese_salad
images/takoyaki/2129377.jpg,97,takoyaki
images/beignets/1660739.jpg,6,beignets
images/french_toast/100344.jpg,42,french_toast
images/peking_duck/3130911.jpg,74,peking_duck
images/huevos_rancheros/1658468.jpg,56,huevos_rancheros
images/club_sandwich/915980.jpg,25,club_sandwich
images/french_toast/3413477.jpg,42,french_toast
images/clam_chowder/3898989.jpg,24,clam_chowder
images/crab_cakes/1741894.jpg,26,crab_cakes
images/ravioli/962281.jpg,82,ravioli
images/filet_mignon/42469.jpg,37,filet_mignon
images/omelette/3545470.jpg,67,omelette
images/pancakes/2647775.jpg,72,pancakes
images/escargots/3399923.jpg,35,escargots
images/huevos_rancheros/3457198.jpg,56,huevos_rancheros
images/cup_cakes/753616.jpg,29,cup_cakes
images/grilled_salmon/3663819.jpg,50,grilled_salmon
images/french_onion_soup/3114528.jpg,41,french_onion_soup
images/baklava/536653.jpg,2,baklava
images/beignets/1639285.jpg,6,beignets
images/grilled_cheese_sandwich/2655307.jpg,49,grilled_cheese_sandwich
images/french_onion_soup/798877.jpg,41,french_onion_soup
images/seaweed_salad/1189417.jpg,88,seaweed_salad
images/sushi/2139005.jpg,95,sushi
images/spaghetti_carbonara/1593598.jpg,91,spaghetti_carbonara
images/cheese_plate/789580.jpg,17,cheese_plate
images/gnocchi/928261.jpg,47,gnocchi
images/scallops/2490034.jpg,87,scallops
images/oysters/52401.jpg,69,oysters
images/spaghetti_bolognese/1991804.jpg,90,spaghetti_bolognese
images/poutine/2776631.jpg,78,poutine
images/oysters/3730334.jpg,69,oysters
images/caesar_salad/2059363.jpg,11,caesar_salad
images/chocolate_mousse/1613801.jpg,22,chocolate_mousse
images/chocolate_cake/2278590.jpg,21,chocolate_cake
images/beignets/2899933.jpg,6,beignets
images/apple_pie/1954841.jpg,0,apple_pie
images/sashimi/1453088.jpg,86,sashimi
images/pad_thai/2755825.jpg,70,pad_thai
images/ceviche/2437824.jpg,15,ceviche
images/filet_mignon/3846436.jpg,37,filet_mignon
images/guacamole/73697.jpg,51,guacamole
images/cheesecake/2360871.jpg,16,cheesecake
images/gnocchi/571601.jpg,47,gnocchi
images/macarons/2778562.jpg,63,macarons
images/bruschetta/3057103.jpg,10,bruschetta
images/cannoli/2303572.jpg,12,cannoli
images/crab_cakes/3406911.jpg,26,crab_cakes
images/mussels/313848.jpg,65,mussels
images/baklava/3363412.jpg,2,baklava
images/tacos/255748.jpg,96,tacos
images/spaghetti_carbonara/2228065.jpg,91,spaghetti_carbonara
images/cup_cakes/2913137.jpg,29,cup_cakes
images/bread_pudding/1248339.jpg,8,bread_pudding
images/baby_back_ribs/2275367.jpg,1,baby_back_ribs
images/huevos_rancheros/1994285.jpg,56,huevos_rancheros
images/caprese_salad/2884221.jpg,13,caprese_salad
images/ice_cream/606241.jpg,58,ice_cream
images/onion_rings/1193360.jpg,68,onion_rings
images/dumplings/3112175.jpg,32,dumplings
images/ice_cream/1919249.jpg,58,ice_cream
images/bruschetta/1903786.jpg,10,bruschetta
images/cheesecake/629317.jpg,16,cheesecake
images/breakfast_burrito/3127437.jpg,9,breakfast_burrito
images/filet_mignon/2244388.jpg,37,filet_mignon
images/lasagna/1801736.jpg,59,lasagna
images/nachos/690910.jpg,66,nachos
images/steak/3315737.jpg,93,steak
images/macaroni_and_cheese/3357567.jpg,62,macaroni_and_cheese
images/mussels/704680.jpg,65,mussels
images/risotto/136011.jpg,84,risotto
images/panna_cotta/2385818.jpg,73,panna_cotta
images/steak/1956040.jpg,93,steak
images/ice_cream/3057757.jpg,58,ice_cream
images/french_fries/296611.jpg,40,french_fries
images/beet_salad/1720542.jpg,5,beet_salad
images/lasagna/2200176.jpg,59,lasagna
images/ravioli/175943.jpg,82,ravioli
images/hummus/2674263.jpg,57,hummus
images/escargots/3195718.jpg,35,escargots
images/escargots/555190.jpg,35,escargots
images/scallops/2916280.jpg,87,scallops
images/ceviche/3508231.jpg,15,ceviche
images/spaghetti_carbonara/2266285.jpg,91,spaghetti_carbonara
images/sushi/155981.jpg,95,sushi
images/grilled_cheese_sandwich/672855.jpg,49,grilled_cheese_sandwich
images/donuts/338069.jpg,31,donuts
images/gnocchi/1564833.jpg,47,gnocchi
images/prime_rib/3082921.jpg,79,prime_rib
images/pad_thai/260772.jpg,70,pad_thai
images/cup_cakes/381495.jpg,29,cup_cakes
images/bibimbap/2438280.jpg,7,bibimbap
images/pork_chop/1407668.jpg,77,pork_chop
images/tuna_tartare/3169363.jpg,99,tuna_tartare
images/ice_cream/293489.jpg,58,ice_cream
images/waffles/1900405.jpg,100,waffles
images/club_sandwich/3324575.jpg,25,club_sandwich
images/beignets/1918562.jpg,6,beignets
images/garlic_bread/2228748.jpg,46,garlic_bread
images/french_toast/3807060.jpg,42,french_toast
images/baby_back_ribs/1343043.jpg,1,baby_back_ribs
images/prime_rib/1430676.jpg,79,prime_rib
images/ice_cream/63878.jpg,58,ice_cream
images/breakfast_burrito/640082.jpg,9,breakfast_burrito
images/hot_and_sour_soup/2904071.jpg,54,hot_and_sour_soup
images/pad_thai/2304942.jpg,70,pad_thai
images/hummus/3063083.jpg,57,hummus
images/takoyaki/185554.jpg,97,takoyaki
images/garlic_bread/295988.jpg,46,garlic_bread
images/prime_rib/3275771.jpg,79,prime_rib
images/cup_cakes/2435638.jpg,29,cup_cakes
images/beef_carpaccio/1674540.jpg,3,beef_carpaccio
images/ceviche/3320665.jpg,15,ceviche
images/edamame/991361.jpg,33,edamame
images/spaghetti_carbonara/193995.jpg,91,spaghetti_carbonara
images/caesar_salad/155315.jpg,11,caesar_salad
images/beignets/2455108.jpg,6,beignets
images/lobster_bisque/2853975.jpg,60,lobster_bisque
images/tiramisu/570218.jpg,98,tiramisu
images/seaweed_salad/3281901.jpg,88,seaweed_salad
images/omelette/2486881.jpg,67,omelette
images/eggs_benedict/562044.jpg,34,eggs_benedict
images/caesar_salad/3466736.jpg,11,caesar_salad
images/chicken_wings/772600.jpg,20,chicken_wings
images/sushi/2156885.jpg,95,sushi
images/sushi/2658652.jpg,95,sushi
images/ceviche/2900387.jpg,15,ceviche
images/grilled_salmon/2408368.jpg,50,grilled_salmon
images/shrimp_and_grits/3670772.jpg,89,shrimp_and_grits
images/guacamole/862550.jpg,51,guacamole
images/sushi/3874537.jpg,95,sushi
images/eggs_benedict/2677033.jpg,34,eggs_benedict
images/spaghetti_bolognese/2471607.jpg,90,spaghetti_bolognese
